"term","df","sumsq","meansq","statistic","p.value"
"edu",1,0.00511464310149097,0.00511464310149097,31.4206365793885,0.000115143824433216
"Residuals",12,0.00195335689850897,0.000162779741542414,NA,NA
