"term","estimate","std.error","statistic","p.value"
"(Intercept)",0.660396202634186,0.0260977826106336,25.3046863209408,1.21341687398137e-26
"edu",0.0103631776075024,0.00201056619882188,5.1543578189939,6.81730000139637e-06
"countryBrazil",-0.0216405039992012,0.0305701101116065,-0.707897482874456,0.483014000913482
"countryParaguay",-0.0630743853526342,0.045866156620746,-1.37518357760338,0.176542774251257
"countryUruguay",0.0758858538921321,0.0459746334804275,1.65060269429746,0.106460659461233
"edu:countryBrazil",-0.00581646444690196,0.00222636793930918,-2.61253512692369,0.0125051983402833
"edu:countryParaguay",-0.00529960264884247,0.0039912826432937,-1.32779437651379,0.191591456284458
"edu:countryUruguay",-0.00869934199361104,0.0052988163211879,-1.64175194350968,0.108291116842997
