"term","estimate","std.error","statistic","p.value"
"(Intercept)",0.638755698634985,0.0135042997632502,47.3001717847865,5.21318679687886e-15
"edu",0.0045467131606004,0.000811129257769318,5.60541136575974,0.000115143824433217
